library,run,run.lib,sample,seq.notes,Sequenced,SBS,ExK,AUST
EMPTY_,WGS_NovaSeq,WGS_NovaSeq~EMPTY_,Z000,,,,,
Excalibur_1,WGS_NovaSeq,WGS_NovaSeq~Excalibur_1,IW_A0379_1,,Y,,Y,
Excalibur_2,WGS_NovaSeq,WGS_NovaSeq~Excalibur_2,IW_A0379_2,,Y,,Y,
Excalibur_3,WGS_NovaSeq,WGS_NovaSeq~Excalibur_3,IW_A0379_3,,Y,,Y,
Excalibur_4,WGS_NovaSeq,WGS_NovaSeq~Excalibur_4,IW_A0379_4,,Y,,Y,
Excalibur_5,WGS_NovaSeq,WGS_NovaSeq~Excalibur_5,IW_A0379_5,,Y,,Y,
GES17_AUST_ADV11_9419_2,WGS_NovaSeq,WGS_NovaSeq~GES17_AUST_ADV11_9419_2,IW_P02942,,Y,,,Y
GES17_AUST_Arrow_2,WGS_NovaSeq,WGS_NovaSeq~GES17_AUST_Arrow_2,IW_P02903,,Y,,,Y
GES17_AUST_Beaufort_2,WGS_NovaSeq,WGS_NovaSeq~GES17_AUST_Beaufort_2,IW_P02906,,Y,,,Y
GES17_AUST_Beckom_2,WGS_NovaSeq,WGS_NovaSeq~GES17_AUST_Beckom_2,IW_P02885,,Y,,,Y
GES17_AUST_Bolac_2,WGS_NovaSeq,WGS_NovaSeq~GES17_AUST_Bolac_2,IW_P02894,,Y,,,Y
GES17_AUST_Cobra_2,WGS_NovaSeq,WGS_NovaSeq~GES17_AUST_Cobra_2,IW_P02909,,Y,,,Y
GES17_AUST_Condo_2,WGS_NovaSeq,WGS_NovaSeq~GES17_AUST_Condo_2,IW_P02897,,Y,,,Y
GES17_AUST_Coolah_2,WGS_NovaSeq,WGS_NovaSeq~GES17_AUST_Coolah_2,IW_P02888,,Y,,,Y
GES17_AUST_Dart_2,WGS_NovaSeq,WGS_NovaSeq~GES17_AUST_Dart_2,IW_P02912,,Y,,,Y
GES17_AUST_Emu_Rock_2,WGS_NovaSeq,WGS_NovaSeq~GES17_AUST_Emu_Rock_2,IW_P02876,,Y,,,Y
GES17_AUST_Flanker_2,WGS_NovaSeq,WGS_NovaSeq~GES17_AUST_Flanker_2,IW_P02915,,Y,,,Y
GES17_AUST_Gauntlet_2,WGS_NovaSeq,WGS_NovaSeq~GES17_AUST_Gauntlet_2,IW_P02918,,Y,,,Y
GES17_AUST_Gladius_2,WGS_NovaSeq,WGS_NovaSeq~GES17_AUST_Gladius_2,IW_P02879,,Y,,,Y
GES17_AUST_Harper_2,WGS_NovaSeq,WGS_NovaSeq~GES17_AUST_Harper_2,IW_P02873,,Y,,,Y
GES17_AUST_Hydra_2,WGS_NovaSeq,WGS_NovaSeq~GES17_AUST_Hydra_2,IW_P02870,,Y,,,Y
GES17_AUST_Impala_2,WGS_NovaSeq,WGS_NovaSeq~GES17_AUST_Impala_2,IW_P02921,,Y,,,Y
GES17_AUST_Kittyhawk_2,WGS_NovaSeq,WGS_NovaSeq~GES17_AUST_Kittyhawk_2,IW_P02924,,Y,,,Y
GES17_AUST_Lancer_2,WGS_NovaSeq,WGS_NovaSeq~GES17_AUST_Lancer_2,IW_P02927,,Y,,,Y
GES17_AUST_Mace_2,WGS_NovaSeq,WGS_NovaSeq~GES17_AUST_Mace_2,IW_P02858,,Y,,,Y
GES17_AUST_Magenta_2,WGS_NovaSeq,WGS_NovaSeq~GES17_AUST_Magenta_2,IW_P02861,,Y,,,Y
GES17_AUST_Ninja_2,WGS_NovaSeq,WGS_NovaSeq~GES17_AUST_Ninja_2,IW_P02864,,Y,,,Y
GES17_AUST_Pascal_2,WGS_NovaSeq,WGS_NovaSeq~GES17_AUST_Pascal_2,IW_P02945,,Y,,,Y
GES17_AUST_Reliant_2,WGS_NovaSeq,WGS_NovaSeq~GES17_AUST_Reliant_2,IW_P02930,,Y,,,Y
GES17_AUST_Scepter_2,WGS_NovaSeq,WGS_NovaSeq~GES17_AUST_Scepter_2,IW_P02882,,Y,,,Y
GES17_AUST_Scout_2,WGS_NovaSeq,WGS_NovaSeq~GES17_AUST_Scout_2,IW_P02933,,Y,,,Y
GES17_AUST_Spitfire_2,WGS_NovaSeq,WGS_NovaSeq~GES17_AUST_Spitfire_2,IW_P02936,,Y,,,Y
GES17_AUST_Suntop_2,WGS_NovaSeq,WGS_NovaSeq~GES17_AUST_Suntop_2,IW_P02891,,Y,,,Y
GES17_AUST_Supreme_2,WGS_NovaSeq,WGS_NovaSeq~GES17_AUST_Supreme_2,IW_P02867,,Y,,,Y
GES17_AUST_Trojan_2,WGS_NovaSeq,WGS_NovaSeq~GES17_AUST_Trojan_2,IW_P02939,,Y,,,Y
GES17_AUST_Ventura_2,WGS_NovaSeq,WGS_NovaSeq~GES17_AUST_Ventura_2,IW_P02900,,Y,,,Y
GES17_SBS_SB001,WGS_NovaSeq,WGS_NovaSeq~GES17_SBS_SB001,IW_S18681,,Y,Y,,
GES17_SBS_SB002,WGS_NovaSeq,WGS_NovaSeq~GES17_SBS_SB002,IW_S18786,,Y,Y,,
GES17_SBS_SB003,WGS_NovaSeq,WGS_NovaSeq~GES17_SBS_SB003,IW_S18744,,Y,Y,,
GES17_SBS_SB004,WGS_NovaSeq,WGS_NovaSeq~GES17_SBS_SB004,IW_S18776,,Y,Y,,
GES17_SBS_SB006,WGS_NovaSeq,WGS_NovaSeq~GES17_SBS_SB006,IW_S18812,,Y,Y,,
GES17_SBS_SB007,WGS_NovaSeq,WGS_NovaSeq~GES17_SBS_SB007,IW_S18690,,Y,Y,,
GES17_SBS_SB008,WGS_NovaSeq,WGS_NovaSeq~GES17_SBS_SB008,IW_S18785,,Y,Y,,
GES17_SBS_SB009,WGS_NovaSeq,WGS_NovaSeq~GES17_SBS_SB009,IW_S18743,,Y,Y,,
GES17_SBS_SB010,WGS_NovaSeq,WGS_NovaSeq~GES17_SBS_SB010,IW_S18761,,Y,Y,,
GES17_SBS_SB011,WGS_NovaSeq,WGS_NovaSeq~GES17_SBS_SB011,IW_S18787,,Y,Y,,
GES17_SBS_SB012,WGS_NovaSeq,WGS_NovaSeq~GES17_SBS_SB012,IW_S18777,,Y,Y,,
GES17_SBS_SB013,WGS_NovaSeq,WGS_NovaSeq~GES17_SBS_SB013,IW_S18792,,Y,Y,,
GES17_SBS_SB014,WGS_NovaSeq,WGS_NovaSeq~GES17_SBS_SB014,IW_S18796,,Y,Y,,
GES17_SBS_SB016,WGS_NovaSeq,WGS_NovaSeq~GES17_SBS_SB016,IW_S18708,,Y,Y,,
GES17_SBS_SB017,WGS_NovaSeq,WGS_NovaSeq~GES17_SBS_SB017,IW_S18733,,Y,Y,,
GES17_SBS_SB018,WGS_NovaSeq,WGS_NovaSeq~GES17_SBS_SB018,IW_S18763,,Y,Y,,
GES17_SBS_SB019,WGS_NovaSeq,WGS_NovaSeq~GES17_SBS_SB019,IW_S18684,,Y,Y,,
GES17_SBS_SB020,WGS_NovaSeq,WGS_NovaSeq~GES17_SBS_SB020,IW_S18711,,Y,Y,,
GES17_SBS_SB021,WGS_NovaSeq,WGS_NovaSeq~GES17_SBS_SB021,IW_S18704,,Y,Y,,
GES17_SBS_SB022,WGS_NovaSeq,WGS_NovaSeq~GES17_SBS_SB022,IW_S18702,,Y,Y,,
GES17_SBS_SB023,WGS_NovaSeq,WGS_NovaSeq~GES17_SBS_SB023,IW_S18765,,Y,Y,,
GES17_SBS_SB024,WGS_NovaSeq,WGS_NovaSeq~GES17_SBS_SB024,IW_S18750,,Y,Y,,
GES17_SBS_SB025,WGS_NovaSeq,WGS_NovaSeq~GES17_SBS_SB025,IW_S18753,,Y,Y,,
GES17_SBS_SB026,WGS_NovaSeq,WGS_NovaSeq~GES17_SBS_SB026,IW_S18768,,Y,Y,,
GES17_SBS_SB027,WGS_NovaSeq,WGS_NovaSeq~GES17_SBS_SB027,IW_S18760,,Y,Y,,
GES17_SBS_SB028,WGS_NovaSeq,WGS_NovaSeq~GES17_SBS_SB028,IW_S18820,,Y,Y,,
GES17_SBS_SB029,WGS_NovaSeq,WGS_NovaSeq~GES17_SBS_SB029,IW_S18707,,Y,Y,,
GES17_SBS_SB030,WGS_NovaSeq,WGS_NovaSeq~GES17_SBS_SB030,IW_S18790,,Y,Y,,
GES17_SBS_SB031,WGS_NovaSeq,WGS_NovaSeq~GES17_SBS_SB031,IW_S18671,,Y,Y,,
GES17_SBS_SB032,WGS_NovaSeq,WGS_NovaSeq~GES17_SBS_SB032,IW_S18701,,Y,Y,,
GES17_SBS_SB033,WGS_NovaSeq,WGS_NovaSeq~GES17_SBS_SB033,IW_S18699,,Y,Y,,
GES17_SBS_SB034,WGS_NovaSeq,WGS_NovaSeq~GES17_SBS_SB034,IW_S18716,,Y,Y,,
GES17_SBS_SB035,WGS_NovaSeq,WGS_NovaSeq~GES17_SBS_SB035,IW_S18758,,Y,Y,,
GES17_SBS_SB036,WGS_NovaSeq,WGS_NovaSeq~GES17_SBS_SB036,IW_S18803,,Y,Y,,
GES17_SBS_SB038_1,WGS_NovaSeq,WGS_NovaSeq~GES17_SBS_SB038_1,IW_S18782_1,,Y,Y,,
GES17_SBS_SB038_2,WGS_NovaSeq,WGS_NovaSeq~GES17_SBS_SB038_2,IW_S18782_2,,Y,Y,,
GES17_SBS_SB039,WGS_NovaSeq,WGS_NovaSeq~GES17_SBS_SB039,IW_S18747,,Y,Y,,
GES17_SBS_SB040,WGS_NovaSeq,WGS_NovaSeq~GES17_SBS_SB040,IW_S18730,,Y,Y,,
GES17_SBS_SB041,WGS_NovaSeq,WGS_NovaSeq~GES17_SBS_SB041,IW_S18818,,Y,Y,,
GES17_SBS_SB043,WGS_NovaSeq,WGS_NovaSeq~GES17_SBS_SB043,IW_S18793,,Y,Y,,
GES17_SBS_SB044,WGS_NovaSeq,WGS_NovaSeq~GES17_SBS_SB044,IW_S18705,,Y,Y,,
GES17_SBS_SB045,WGS_NovaSeq,WGS_NovaSeq~GES17_SBS_SB045,IW_S18731,,Y,Y,,
GES17_SBS_SB046,WGS_NovaSeq,WGS_NovaSeq~GES17_SBS_SB046,IW_S18816,,Y,Y,,
GES17_SBS_SB047,WGS_NovaSeq,WGS_NovaSeq~GES17_SBS_SB047,IW_S18668,,Y,Y,,
GES17_SBS_SB048,WGS_NovaSeq,WGS_NovaSeq~GES17_SBS_SB048,IW_S18808,,Y,Y,,
GES17_SBS_SB049,WGS_NovaSeq,WGS_NovaSeq~GES17_SBS_SB049,IW_S18670,,Y,Y,,
GES17_SBS_SB050,WGS_NovaSeq,WGS_NovaSeq~GES17_SBS_SB050,IW_S18689,,Y,Y,,
GES17_SBS_SB051,WGS_NovaSeq,WGS_NovaSeq~GES17_SBS_SB051,IW_S18745,,Y,Y,,
GES17_SBS_SB052,WGS_NovaSeq,WGS_NovaSeq~GES17_SBS_SB052,IW_S18739,,Y,Y,,
GES17_SBS_SB053_1,WGS_NovaSeq,WGS_NovaSeq~GES17_SBS_SB053_1,IW_S18817_1,,Y,Y,,
GES17_SBS_SB053_2,WGS_NovaSeq,WGS_NovaSeq~GES17_SBS_SB053_2,IW_S18817_2,,Y,Y,,
GES17_SBS_SB054,WGS_NovaSeq,WGS_NovaSeq~GES17_SBS_SB054,IW_S18794,,Y,Y,,
GES17_SBS_SB055,WGS_NovaSeq,WGS_NovaSeq~GES17_SBS_SB055,IW_S18771,,Y,Y,,
GES17_SBS_SB057,WGS_NovaSeq,WGS_NovaSeq~GES17_SBS_SB057,IW_S18822,,Y,Y,,
GES17_SBS_SB058,WGS_NovaSeq,WGS_NovaSeq~GES17_SBS_SB058,IW_S18729,,Y,Y,,
GES17_SBS_SB061,WGS_NovaSeq,WGS_NovaSeq~GES17_SBS_SB061,IW_S18836,,Y,Y,,
GES17_SBS_SB062,WGS_NovaSeq,WGS_NovaSeq~GES17_SBS_SB062,IW_S18840,,Y,Y,,
GES17_SBS_SB063,WGS_NovaSeq,WGS_NovaSeq~GES17_SBS_SB063,IW_S18801,,Y,Y,,
GES17_SBS_SB064,WGS_NovaSeq,WGS_NovaSeq~GES17_SBS_SB064,IW_S18680,,Y,Y,,
GES17_SBS_SB065,WGS_NovaSeq,WGS_NovaSeq~GES17_SBS_SB065,IW_S18734,,Y,Y,,
GES17_SBS_SB066,WGS_NovaSeq,WGS_NovaSeq~GES17_SBS_SB066,IW_S18696,,Y,Y,,
GES17_SBS_SB067,WGS_NovaSeq,WGS_NovaSeq~GES17_SBS_SB067,IW_S18811,,Y,Y,,
GES17_SBS_SB068,WGS_NovaSeq,WGS_NovaSeq~GES17_SBS_SB068,IW_S18732,,Y,Y,,
GES17_SBS_SB069,WGS_NovaSeq,WGS_NovaSeq~GES17_SBS_SB069,IW_S18722,,Y,Y,,
GES17_SBS_SB070,WGS_NovaSeq,WGS_NovaSeq~GES17_SBS_SB070,IW_S18783,,Y,Y,,
GES17_SBS_SB071,WGS_NovaSeq,WGS_NovaSeq~GES17_SBS_SB071,IW_S18721,,Y,Y,,
GES17_SBS_SB072,WGS_NovaSeq,WGS_NovaSeq~GES17_SBS_SB072,IW_S18748,,Y,Y,,
GES17_SBS_SB073,WGS_NovaSeq,WGS_NovaSeq~GES17_SBS_SB073,IW_S18773,,Y,Y,,
GES17_SBS_SB074,WGS_NovaSeq,WGS_NovaSeq~GES17_SBS_SB074,IW_S18767,,Y,Y,,
GES17_SBS_SB076,WGS_NovaSeq,WGS_NovaSeq~GES17_SBS_SB076,IW_S18835,,Y,Y,,
GES17_SBS_SB077,WGS_NovaSeq,WGS_NovaSeq~GES17_SBS_SB077,IW_S18685,,Y,Y,,
GES17_SBS_SB078,WGS_NovaSeq,WGS_NovaSeq~GES17_SBS_SB078,IW_S18842,,Y,Y,,
GES17_SBS_SB079,WGS_NovaSeq,WGS_NovaSeq~GES17_SBS_SB079,IW_S18781,,Y,Y,,
GES17_SBS_SB080,WGS_NovaSeq,WGS_NovaSeq~GES17_SBS_SB080,IW_S18683,,Y,Y,,
GES17_SBS_SB081,WGS_NovaSeq,WGS_NovaSeq~GES17_SBS_SB081,IW_S18789,,Y,Y,,
GES17_SBS_SB082,WGS_NovaSeq,WGS_NovaSeq~GES17_SBS_SB082,IW_S18788,,Y,Y,,
GES17_SBS_SB083,WGS_NovaSeq,WGS_NovaSeq~GES17_SBS_SB083,IW_S18825,,Y,Y,,
GES17_SBS_SB084,WGS_NovaSeq,WGS_NovaSeq~GES17_SBS_SB084,IW_S18742,,Y,Y,,
GES17_SBS_SB085,WGS_NovaSeq,WGS_NovaSeq~GES17_SBS_SB085,IW_S18772,,Y,Y,,
GES17_SBS_SB086,WGS_NovaSeq,WGS_NovaSeq~GES17_SBS_SB086,IW_S18780,,Y,Y,,
GES17_SBS_SB087,WGS_NovaSeq,WGS_NovaSeq~GES17_SBS_SB087,IW_S18757,,Y,Y,,
GES17_SBS_SB088,WGS_NovaSeq,WGS_NovaSeq~GES17_SBS_SB088,IW_S18823,,Y,Y,,
GES17_SBS_SB089,WGS_NovaSeq,WGS_NovaSeq~GES17_SBS_SB089,IW_S18735,,Y,Y,,
GES17_SBS_SB090,WGS_NovaSeq,WGS_NovaSeq~GES17_SBS_SB090,IW_S18746,,Y,Y,,
GES17_SBS_SB091,WGS_NovaSeq,WGS_NovaSeq~GES17_SBS_SB091,IW_S18662,,Y,Y,,
GES17_SBS_SB092,WGS_NovaSeq,WGS_NovaSeq~GES17_SBS_SB092,IW_S18693,,Y,Y,,
GES17_SBS_SB093,WGS_NovaSeq,WGS_NovaSeq~GES17_SBS_SB093,IW_S18834,,Y,Y,,
GES17_SBS_SB094,WGS_NovaSeq,WGS_NovaSeq~GES17_SBS_SB094,IW_S18694,,Y,Y,,
GES17_SBS_SB096,WGS_NovaSeq,WGS_NovaSeq~GES17_SBS_SB096,IW_S18774,,Y,Y,,
GES17_SBS_SB097,WGS_NovaSeq,WGS_NovaSeq~GES17_SBS_SB097,IW_S18666,,Y,Y,,
GES17_SBS_SB098,WGS_NovaSeq,WGS_NovaSeq~GES17_SBS_SB098,IW_S18754,,Y,Y,,
GES17_SBS_SB099,WGS_NovaSeq,WGS_NovaSeq~GES17_SBS_SB099,IW_S18833,,Y,Y,,
GES17_SBS_SB100,WGS_NovaSeq,WGS_NovaSeq~GES17_SBS_SB100,IW_S18740,,Y,Y,,
GES17_SBS_SB101,WGS_NovaSeq,WGS_NovaSeq~GES17_SBS_SB101,IW_S18756,,Y,Y,,
GES17_SBS_SB102,WGS_NovaSeq,WGS_NovaSeq~GES17_SBS_SB102,IW_S18682,,Y,Y,,
GES17_SBS_SB103,WGS_NovaSeq,WGS_NovaSeq~GES17_SBS_SB103,IW_S18663,,Y,Y,,
GES17_SBS_SB104,WGS_NovaSeq,WGS_NovaSeq~GES17_SBS_SB104,IW_S18665,,Y,Y,,
GES17_SBS_SB105,WGS_NovaSeq,WGS_NovaSeq~GES17_SBS_SB105,IW_S18759,,Y,Y,,
GES17_SBS_SB106,WGS_NovaSeq,WGS_NovaSeq~GES17_SBS_SB106,IW_S18741,,Y,Y,,
GES17_SBS_SB107,WGS_NovaSeq,WGS_NovaSeq~GES17_SBS_SB107,IW_S18688,,Y,Y,,
GES17_SBS_SB108,WGS_NovaSeq,WGS_NovaSeq~GES17_SBS_SB108,IW_S18667,,Y,Y,,
GES17_SBS_SB109,WGS_NovaSeq,WGS_NovaSeq~GES17_SBS_SB109,IW_S18827,,Y,Y,,
GES17_SBS_SB110,WGS_NovaSeq,WGS_NovaSeq~GES17_SBS_SB110,IW_S18737,,Y,Y,,
GES17_SBS_SB111,WGS_NovaSeq,WGS_NovaSeq~GES17_SBS_SB111,IW_S18829,,Y,Y,,
GES17_SBS_SB112,WGS_NovaSeq,WGS_NovaSeq~GES17_SBS_SB112,IW_S18692,,Y,Y,,
GES17_SBS_SB113,WGS_NovaSeq,WGS_NovaSeq~GES17_SBS_SB113,IW_S18718,,Y,Y,,
GES17_SBS_SB114,WGS_NovaSeq,WGS_NovaSeq~GES17_SBS_SB114,IW_S18766,,Y,Y,,
GES17_SBS_SB115_1,WGS_NovaSeq,WGS_NovaSeq~GES17_SBS_SB115_1,IW_S18775_1,,Y,Y,,
GES17_SBS_SB115_2,WGS_NovaSeq,WGS_NovaSeq~GES17_SBS_SB115_2,IW_S18775_2,,Y,Y,,
GES17_SBS_SB116,WGS_NovaSeq,WGS_NovaSeq~GES17_SBS_SB116,IW_S18791,,Y,Y,,
GES17_SBS_SB117,WGS_NovaSeq,WGS_NovaSeq~GES17_SBS_SB117,IW_S18673,,Y,Y,,
GES17_SBS_SB118,WGS_NovaSeq,WGS_NovaSeq~GES17_SBS_SB118,IW_S18717,,Y,Y,,
GES17_SBS_SB119,WGS_NovaSeq,WGS_NovaSeq~GES17_SBS_SB119,IW_S18815,,Y,Y,,
GES17_SBS_SB120,WGS_NovaSeq,WGS_NovaSeq~GES17_SBS_SB120,IW_S18800,,Y,Y,,
GES17_SBS_SB121,WGS_NovaSeq,WGS_NovaSeq~GES17_SBS_SB121,IW_S18727,,Y,Y,,
GES17_SBS_SB122,WGS_NovaSeq,WGS_NovaSeq~GES17_SBS_SB122,IW_S18698,,Y,Y,,
GES17_SBS_SB123,WGS_NovaSeq,WGS_NovaSeq~GES17_SBS_SB123,IW_S18843,,Y,Y,,
GES17_SBS_SB124,WGS_NovaSeq,WGS_NovaSeq~GES17_SBS_SB124,IW_S18819,,Y,Y,,
GES17_SBS_SB125,WGS_NovaSeq,WGS_NovaSeq~GES17_SBS_SB125,IW_S18824,,Y,Y,,
GES17_SBS_SB126,WGS_NovaSeq,WGS_NovaSeq~GES17_SBS_SB126,IW_S18807,,Y,Y,,
GES17_SBS_SB127,WGS_NovaSeq,WGS_NovaSeq~GES17_SBS_SB127,IW_S18751,,Y,Y,,
GES17_SBS_SB128,WGS_NovaSeq,WGS_NovaSeq~GES17_SBS_SB128,IW_S18686,,Y,Y,,
GES17_SBS_SB129,WGS_NovaSeq,WGS_NovaSeq~GES17_SBS_SB129,IW_S18703,,Y,Y,,
GES17_SBS_SB131,WGS_NovaSeq,WGS_NovaSeq~GES17_SBS_SB131,IW_S18826,,Y,Y,,
GES17_SBS_SB133,WGS_NovaSeq,WGS_NovaSeq~GES17_SBS_SB133,IW_S18678,,Y,Y,,
GES17_SBS_SB134,WGS_NovaSeq,WGS_NovaSeq~GES17_SBS_SB134,IW_S18841,,Y,Y,,
GES17_SBS_SB136,WGS_NovaSeq,WGS_NovaSeq~GES17_SBS_SB136,IW_S18804,,Y,Y,,
GES17_SBS_SB137,WGS_NovaSeq,WGS_NovaSeq~GES17_SBS_SB137,IW_S18831,,Y,Y,,
GES17_SBS_SB139,WGS_NovaSeq,WGS_NovaSeq~GES17_SBS_SB139,IW_S18805,,Y,Y,,
GES17_SBS_SB140,WGS_NovaSeq,WGS_NovaSeq~GES17_SBS_SB140,IW_S18715,,Y,Y,,
GES17_SBS_SB141,WGS_NovaSeq,WGS_NovaSeq~GES17_SBS_SB141,IW_S18770,,Y,Y,,
GES17_SBS_SB142,WGS_NovaSeq,WGS_NovaSeq~GES17_SBS_SB142,IW_S18676,,Y,Y,,
GES17_SBS_SB143,WGS_NovaSeq,WGS_NovaSeq~GES17_SBS_SB143,IW_S18725,,Y,Y,,
GES17_SBS_SB144,WGS_NovaSeq,WGS_NovaSeq~GES17_SBS_SB144,IW_S18821,,Y,Y,,
GES17_SBS_SB145,WGS_NovaSeq,WGS_NovaSeq~GES17_SBS_SB145,IW_S18784,,Y,Y,,
GES17_SBS_SB146,WGS_NovaSeq,WGS_NovaSeq~GES17_SBS_SB146,IW_S18706,,Y,Y,,
GES17_SBS_SB147,WGS_NovaSeq,WGS_NovaSeq~GES17_SBS_SB147,IW_S18720,,Y,Y,,
GES17_SBS_SB148,WGS_NovaSeq,WGS_NovaSeq~GES17_SBS_SB148,IW_S18838,,Y,Y,,
GES17_SBS_SB149,WGS_NovaSeq,WGS_NovaSeq~GES17_SBS_SB149,IW_S18798,,Y,Y,,
GES17_SBS_SB150,WGS_NovaSeq,WGS_NovaSeq~GES17_SBS_SB150,IW_S18752,,Y,Y,,
GES17_SBS_SB151,WGS_NovaSeq,WGS_NovaSeq~GES17_SBS_SB151,IW_S18762,,Y,Y,,
GES17_SBS_SB152,WGS_NovaSeq,WGS_NovaSeq~GES17_SBS_SB152,IW_S18749,,Y,Y,,
GES17_SBS_SB153,WGS_NovaSeq,WGS_NovaSeq~GES17_SBS_SB153,IW_S18806,,Y,Y,,
GES17_SBS_SB154,WGS_NovaSeq,WGS_NovaSeq~GES17_SBS_SB154,IW_S18691,,Y,Y,,
GES17_SBS_SB155,WGS_NovaSeq,WGS_NovaSeq~GES17_SBS_SB155,IW_S18764,,Y,Y,,
GES17_SBS_SB156,WGS_NovaSeq,WGS_NovaSeq~GES17_SBS_SB156,IW_S18723,,Y,Y,,
GES17_SBS_SB157,WGS_NovaSeq,WGS_NovaSeq~GES17_SBS_SB157,IW_S18802,,Y,Y,,
GES17_SBS_SB159,WGS_NovaSeq,WGS_NovaSeq~GES17_SBS_SB159,IW_S18724,,Y,Y,,
GES17_SBS_SB160,WGS_NovaSeq,WGS_NovaSeq~GES17_SBS_SB160,IW_S18713,,Y,Y,,
GES17_SBS_SB162,WGS_NovaSeq,WGS_NovaSeq~GES17_SBS_SB162,IW_S18837,,Y,Y,,
GES17_SBS_SB163,WGS_NovaSeq,WGS_NovaSeq~GES17_SBS_SB163,IW_S18832,,Y,Y,,
GES17_SBS_SB164,WGS_NovaSeq,WGS_NovaSeq~GES17_SBS_SB164,IW_S18810,,Y,Y,,
GES17_SBS_SB165,WGS_NovaSeq,WGS_NovaSeq~GES17_SBS_SB165,IW_S18672,,Y,Y,,
GES17_SBS_SB166,WGS_NovaSeq,WGS_NovaSeq~GES17_SBS_SB166,IW_S18809,,Y,Y,,
GES17_SBS_SB167,WGS_NovaSeq,WGS_NovaSeq~GES17_SBS_SB167,IW_S18769,,Y,Y,,
GES17_SBS_SB168,WGS_NovaSeq,WGS_NovaSeq~GES17_SBS_SB168,IW_S18779,,Y,Y,,
GES17_SBS_SB169,WGS_NovaSeq,WGS_NovaSeq~GES17_SBS_SB169,IW_S18738,,Y,Y,,
GES17_SBS_SB170,WGS_NovaSeq,WGS_NovaSeq~GES17_SBS_SB170,IW_S18700,,Y,Y,,
GES17_SBS_SB171,WGS_NovaSeq,WGS_NovaSeq~GES17_SBS_SB171,IW_S18674,,Y,Y,,
GES17_SBS_SB172,WGS_NovaSeq,WGS_NovaSeq~GES17_SBS_SB172,IW_S18669,,Y,Y,,
GES17_SBS_SB173,WGS_NovaSeq,WGS_NovaSeq~GES17_SBS_SB173,IW_S18795,,Y,Y,,
GES17_SBS_SB174_1,WGS_NovaSeq,WGS_NovaSeq~GES17_SBS_SB174_1,IW_S18679_1,,Y,Y,,
GES17_SBS_SB174_2,WGS_NovaSeq,WGS_NovaSeq~GES17_SBS_SB174_2,IW_S18679_2,,Y,Y,,
GES17_SBS_SB175_1,WGS_NovaSeq,WGS_NovaSeq~GES17_SBS_SB175_1,IW_S18828_1,,Y,Y,,
GES17_SBS_SB175_2,WGS_NovaSeq,WGS_NovaSeq~GES17_SBS_SB175_2,IW_S18828_2,,Y,Y,,
GES17_SBS_SB179,WGS_NovaSeq,WGS_NovaSeq~GES17_SBS_SB179,IW_S18687,,Y,Y,,
GES17_SBS_SB180,WGS_NovaSeq,WGS_NovaSeq~GES17_SBS_SB180,IW_S18675,,Y,Y,,
GES17_SBS_SB181,WGS_NovaSeq,WGS_NovaSeq~GES17_SBS_SB181,IW_S18814,,Y,Y,,
GES17_SBS_SB182,WGS_NovaSeq,WGS_NovaSeq~GES17_SBS_SB182,IW_S18728,,Y,Y,,
GES17_SBS_SB183,WGS_NovaSeq,WGS_NovaSeq~GES17_SBS_SB183,IW_S18714,,Y,Y,,
GES17_SBS_SB184,WGS_NovaSeq,WGS_NovaSeq~GES17_SBS_SB184,IW_S18709,,Y,Y,,
GES17_SBS_SB185,WGS_NovaSeq,WGS_NovaSeq~GES17_SBS_SB185,IW_S18797,,Y,Y,,
GES17_SBS_SB186,WGS_NovaSeq,WGS_NovaSeq~GES17_SBS_SB186,IW_S18677,,Y,Y,,
GES17_SBS_SB187,WGS_NovaSeq,WGS_NovaSeq~GES17_SBS_SB187,IW_S18726,,Y,Y,,
GES17_SBS_SB188,WGS_NovaSeq,WGS_NovaSeq~GES17_SBS_SB188,IW_S18830,,Y,Y,,
GES17_SBS_SB190,WGS_NovaSeq,WGS_NovaSeq~GES17_SBS_SB190,IW_S18664,,Y,Y,,
GES17_SBS_SB191,WGS_NovaSeq,WGS_NovaSeq~GES17_SBS_SB191,IW_S18736,,Y,Y,,
GES17_SBS_SB192,WGS_NovaSeq,WGS_NovaSeq~GES17_SBS_SB192,IW_S18839,,Y,Y,,
GES17_SBS_SB193,WGS_NovaSeq,WGS_NovaSeq~GES17_SBS_SB193,IW_S18719,,Y,Y,,
GES17_SBS_SB194_1,WGS_NovaSeq,WGS_NovaSeq~GES17_SBS_SB194_1,IW_S18778_1,,Y,Y,,
GES17_SBS_SB194_2,WGS_NovaSeq,WGS_NovaSeq~GES17_SBS_SB194_2,IW_S18778_2,,Y,Y,,
GES17_SBS_SB195_1,WGS_NovaSeq,WGS_NovaSeq~GES17_SBS_SB195_1,IW_S18799,,Y,Y,,
GES17_SBS_SB195_2,WGS_NovaSeq,WGS_NovaSeq~GES17_SBS_SB195_2,IW_S18712,,Y,Y,,
GES17_SBS_SB195_3,WGS_NovaSeq,WGS_NovaSeq~GES17_SBS_SB195_3,IW_S18697,,Y,Y,,
GES17_SBS_SB195_4,WGS_NovaSeq,WGS_NovaSeq~GES17_SBS_SB195_4,IW_S18799,,Y,Y,,
GES17_SBS_SB195_5,WGS_NovaSeq,WGS_NovaSeq~GES17_SBS_SB195_5,IW_S18712,,Y,Y,,
GES17_SBS_SB195_6,WGS_NovaSeq,WGS_NovaSeq~GES17_SBS_SB195_6,IW_S18697,,Y,Y,,
GES17_SBS_SB195_7,WGS_NovaSeq,WGS_NovaSeq~GES17_SBS_SB195_7,IW_S18799,,Y,Y,,
GES17_SBS_SB195_8,WGS_NovaSeq,WGS_NovaSeq~GES17_SBS_SB195_8,IW_S18712,,Y,Y,,
GES17_SBS_SB195_9,WGS_NovaSeq,WGS_NovaSeq~GES17_SBS_SB195_9,IW_S18697,,Y,Y,,
GES17_SBS_SB196_1,WGS_NovaSeq,WGS_NovaSeq~GES17_SBS_SB196_1,IW_S18695,,Y,Y,,
GES17_SBS_SB196_2,WGS_NovaSeq,WGS_NovaSeq~GES17_SBS_SB196_2,IW_S18710,,Y,Y,,
GES17_SBS_SB196_3,WGS_NovaSeq,WGS_NovaSeq~GES17_SBS_SB196_3,IW_S18813,,Y,Y,,
GES17_SBS_SB196_4,WGS_NovaSeq,WGS_NovaSeq~GES17_SBS_SB196_4,IW_S18695,,Y,Y,,
GES17_SBS_SB196_5,WGS_NovaSeq,WGS_NovaSeq~GES17_SBS_SB196_5,IW_S18710,,Y,Y,,
GES17_SBS_SB196_6,WGS_NovaSeq,WGS_NovaSeq~GES17_SBS_SB196_6,IW_S18813,,Y,Y,,
GES17_SBS_SB196_7,WGS_NovaSeq,WGS_NovaSeq~GES17_SBS_SB196_7,IW_S18695,,Y,Y,,
GES17_SBS_SB196_8,WGS_NovaSeq,WGS_NovaSeq~GES17_SBS_SB196_8,IW_S18710,,Y,Y,,
GES17_SBS_SB196_9,WGS_NovaSeq,WGS_NovaSeq~GES17_SBS_SB196_9,IW_S18813,,Y,Y,,
Kukri_1,WGS_NovaSeq,WGS_NovaSeq~Kukri_1,IW_A0380_1,,Y,,Y,
Kukri_2,WGS_NovaSeq,WGS_NovaSeq~Kukri_2,IW_A0380_2,,Y,,Y,
Kukri_3,WGS_NovaSeq,WGS_NovaSeq~Kukri_3,IW_A0380_3,,Y,,Y,
Kukri_4,WGS_NovaSeq,WGS_NovaSeq~Kukri_4,IW_A0380_4,,Y,,Y,
Kukri_5,WGS_NovaSeq,WGS_NovaSeq~Kukri_5,IW_A0380_5,,Y,,Y,
Water_Control_1_1,WGS_NovaSeq,WGS_NovaSeq~Water_Control_1_1,Z000,,,,,
Water_Control_1_2,WGS_NovaSeq,WGS_NovaSeq~Water_Control_1_2,Z000,,,,,
Water_Control_2_1,WGS_NovaSeq,WGS_NovaSeq~Water_Control_2_1,Z000,,,,,
Water_Control_2_2,WGS_NovaSeq,WGS_NovaSeq~Water_Control_2_2,Z000,,,,,
Water_Control_3_1,WGS_NovaSeq,WGS_NovaSeq~Water_Control_3_1,Z000,,,,,
Water_Control_3_2,WGS_NovaSeq,WGS_NovaSeq~Water_Control_3_2,Z000,,,,,
Excalibur_1,WGS_NovaSeq,WGS_NovaSeq~Excalibur_1,IW_A0379,,Y,,Y,
Excalibur_2,WGS_NovaSeq,WGS_NovaSeq~Excalibur_2,IW_A0379,,Y,,Y,
Excalibur_3,WGS_NovaSeq,WGS_NovaSeq~Excalibur_3,IW_A0379,,Y,,Y,
Excalibur_4,WGS_NovaSeq,WGS_NovaSeq~Excalibur_4,IW_A0379,,Y,,Y,
Excalibur_5,WGS_NovaSeq,WGS_NovaSeq~Excalibur_5,IW_A0379,,Y,,Y,
Kukri_1,WGS_NovaSeq,WGS_NovaSeq~Kukri_1,IW_A0380,,Y,,Y,
Kukri_2,WGS_NovaSeq,WGS_NovaSeq~Kukri_2,IW_A0380,,Y,,Y,
Kukri_3,WGS_NovaSeq,WGS_NovaSeq~Kukri_3,IW_A0380,,Y,,Y,
Kukri_4,WGS_NovaSeq,WGS_NovaSeq~Kukri_4,IW_A0380,,Y,,Y,
Kukri_5,WGS_NovaSeq,WGS_NovaSeq~Kukri_5,IW_A0380,,Y,,Y,
GES17_SBS_SB038_1,WGS_NovaSeq,WGS_NovaSeq~GES17_SBS_SB038_1,IW_S18782_C,,Y,Y,,
GES17_SBS_SB038_2,WGS_NovaSeq,WGS_NovaSeq~GES17_SBS_SB038_2,IW_S18782_C,,Y,Y,,
GES17_SBS_SB053_1,WGS_NovaSeq,WGS_NovaSeq~GES17_SBS_SB053_1,IW_S18817_C,,Y,Y,,
GES17_SBS_SB053_2,WGS_NovaSeq,WGS_NovaSeq~GES17_SBS_SB053_2,IW_S18817_C,,Y,Y,,
GES17_SBS_SB115_1,WGS_NovaSeq,WGS_NovaSeq~GES17_SBS_SB115_1,IW_S18775_C,,Y,Y,,
GES17_SBS_SB115_2,WGS_NovaSeq,WGS_NovaSeq~GES17_SBS_SB115_2,IW_S18775_C,,Y,Y,,
GES17_SBS_SB174_1,WGS_NovaSeq,WGS_NovaSeq~GES17_SBS_SB174_1,IW_S18679_C,,Y,Y,,
GES17_SBS_SB174_2,WGS_NovaSeq,WGS_NovaSeq~GES17_SBS_SB174_2,IW_S18679_C,,Y,Y,,
GES17_SBS_SB175_1,WGS_NovaSeq,WGS_NovaSeq~GES17_SBS_SB175_1,IW_S18828_C,,Y,Y,,
GES17_SBS_SB175_2,WGS_NovaSeq,WGS_NovaSeq~GES17_SBS_SB175_2,IW_S18828_C,,Y,Y,,
GES17_SBS_SB194_1,WGS_NovaSeq,WGS_NovaSeq~GES17_SBS_SB194_1,IW_S18778_C,,Y,Y,,
GES17_SBS_SB194_2,WGS_NovaSeq,WGS_NovaSeq~GES17_SBS_SB194_2,IW_S18778_C,,Y,Y,,
GES17_SBS_SB195_1,WGS_NovaSeq,WGS_NovaSeq~GES17_SBS_SB195_1,IW_A2993,,Y,Y,,
GES17_SBS_SB195_2,WGS_NovaSeq,WGS_NovaSeq~GES17_SBS_SB195_2,IW_A2993,,Y,Y,,
GES17_SBS_SB195_3,WGS_NovaSeq,WGS_NovaSeq~GES17_SBS_SB195_3,IW_A2993,,Y,Y,,
GES17_SBS_SB195_4,WGS_NovaSeq,WGS_NovaSeq~GES17_SBS_SB195_4,IW_A2993,,Y,Y,,
GES17_SBS_SB195_5,WGS_NovaSeq,WGS_NovaSeq~GES17_SBS_SB195_5,IW_A2993,,Y,Y,,
GES17_SBS_SB195_6,WGS_NovaSeq,WGS_NovaSeq~GES17_SBS_SB195_6,IW_A2993,,Y,Y,,
GES17_SBS_SB195_7,WGS_NovaSeq,WGS_NovaSeq~GES17_SBS_SB195_7,IW_A2993,,Y,Y,,
GES17_SBS_SB195_8,WGS_NovaSeq,WGS_NovaSeq~GES17_SBS_SB195_8,IW_A2993,,Y,Y,,
GES17_SBS_SB195_9,WGS_NovaSeq,WGS_NovaSeq~GES17_SBS_SB195_9,IW_A2993,,Y,Y,,
GES17_SBS_SB196_1,WGS_NovaSeq,WGS_NovaSeq~GES17_SBS_SB196_1,IW_A2994,,Y,Y,,
GES17_SBS_SB196_2,WGS_NovaSeq,WGS_NovaSeq~GES17_SBS_SB196_2,IW_A2994,,Y,Y,,
GES17_SBS_SB196_3,WGS_NovaSeq,WGS_NovaSeq~GES17_SBS_SB196_3,IW_A2994,,Y,Y,,
GES17_SBS_SB196_4,WGS_NovaSeq,WGS_NovaSeq~GES17_SBS_SB196_4,IW_A2994,,Y,Y,,
GES17_SBS_SB196_5,WGS_NovaSeq,WGS_NovaSeq~GES17_SBS_SB196_5,IW_A2994,,Y,Y,,
GES17_SBS_SB196_6,WGS_NovaSeq,WGS_NovaSeq~GES17_SBS_SB196_6,IW_A2994,,Y,Y,,
GES17_SBS_SB196_7,WGS_NovaSeq,WGS_NovaSeq~GES17_SBS_SB196_7,IW_A2994,,Y,Y,,
GES17_SBS_SB196_8,WGS_NovaSeq,WGS_NovaSeq~GES17_SBS_SB196_8,IW_A2994,,Y,Y,,
GES17_SBS_SB196_9,WGS_NovaSeq,WGS_NovaSeq~GES17_SBS_SB196_9,IW_A2994,,Y,Y,,
